Congress,Chamber,Committee,Date,Title,FileName,Link
114th Congress (2015 - 2016),House Hearings,Committee on Appropriations,2/24/16,"b'House Hearing, 114th Congress, Part 6 - INTERIOR, ENVIRONMENT, AND RELATED AGENCIES APPROPRIATIONS FOR 2017'",CHRG-114hhrg20042.txt,https://www.gpo.gov/fdsys/pkg/CHRG-114hhrg20042/html/CHRG-114hhrg20042.htm
114th Congress (2015 - 2016),House Hearings,Committee on Appropriations,3/15/16,"b'House Hearing, 114th Congress, Part 7 - INTERIOR, ENVIRONMENT, AND RELATED AGENCIES APPROPRIATIONS FOR 2017'",CHRG-114hhrg20144.txt,https://www.gpo.gov/fdsys/pkg/CHRG-114hhrg20144/html/CHRG-114hhrg20144.htm
114th Congress (2015 - 2016),House Hearings,Committee on Appropriations,2/10/16,"b'House Hearing, 114th Congress, Part 6 - ENERGY AND WATER DEVELOPMENT APPROPRIATIONS FOR 2017'",CHRG-114hhrg20729.txt,https://www.gpo.gov/fdsys/pkg/CHRG-114hhrg20729/html/CHRG-114hhrg20729.htm
114th Congress (2015 - 2016),House Hearings,Committee on Appropriations,2/25/16,"b'House Hearing, 114th Congress, Part 5 - AGRICULTURE, RURAL DEVELOPMENT, FOOD AND DRUG ADMINISTRATION, AND RELATED AGENCIES APPROPRIATIONS...'",CHRG-114hhrg21398.txt,https://www.gpo.gov/fdsys/pkg/CHRG-114hhrg21398/html/CHRG-114hhrg21398.htm
114th Congress (2015 - 2016),House Hearings,Committee on Appropriations,2/11/16,"b'House Hearing, 114th Congress, Part 6 - Financial Services and General Government Appropriations for 2017'",CHRG-114hhrg21682.txt,https://www.gpo.gov/fdsys/pkg/CHRG-114hhrg21682/html/CHRG-114hhrg21682.htm
114th Congress (2015 - 2016),House Hearings,Committee on Appropriations,2/25/16,"b'House Hearing, 114th Congress, Part 1 - DEPARTMENT OF DEFENSE APPROPRIATIONS FOR 2017'",CHRG-114hhrg22432.txt,https://www.gpo.gov/fdsys/pkg/CHRG-114hhrg22432/html/CHRG-114hhrg22432.htm
114th Congress (2015 - 2016),House Hearings,Committee on Appropriations,2/11/15,"b'House Hearing, 114th Congress, Part 6 - DEPARTMENT OF THE INTERIOR, ENVIRONMENT, AND RELATED AGENCIES APPROPRIATIONS FOR 2016'",CHRG-114hhrg94523.txt,https://www.gpo.gov/fdsys/pkg/CHRG-114hhrg94523/html/CHRG-114hhrg94523.htm
114th Congress (2015 - 2016),House Hearings,Committee on Appropriations,3/3/15,"b'House Hearing, 114th Congress, Part 5 - COMMERCE, JUSTICE, SCIENCE, AND RELATED AGENCIES APPROPRIATIONS FOR 2016'",CHRG-114hhrg96070.txt,https://www.gpo.gov/fdsys/pkg/CHRG-114hhrg96070/html/CHRG-114hhrg96070.htm
114th Congress (2015 - 2016),House Hearings,Committee on Appropriations,3/25/15,"b'House Hearing, 114th Congress, Part 6 - COMMERCE, JUSTICE, SCIENCE, AND RELATED AGENCIES APPROPRIATIONS FOR 2016'",CHRG-114hhrg96083.txt,https://www.gpo.gov/fdsys/pkg/CHRG-114hhrg96083/html/CHRG-114hhrg96083.htm
114th Congress (2015 - 2016),House Hearings,Committee on Appropriations,2/25/15,"b'House Hearing, 114th Congress, Part 5 - FINANCIAL SERVICES AND GENERAL GOVERNMENT APPROPRIATIONS FOR 2016'",CHRG-114hhrg96927.txt,https://www.gpo.gov/fdsys/pkg/CHRG-114hhrg96927/html/CHRG-114hhrg96927.htm
114th Congress (2015 - 2016),House Hearings,Committee on Appropriations,2/11/15,"b'House Hearing, 114th Congress, Part 5 - STATE, FOREIGN OPERATIONS, AND RELATED PROGRAMS APPROPRIATIONS FOR 2016'",CHRG-114hhrg97414.txt,https://www.gpo.gov/fdsys/pkg/CHRG-114hhrg97414/html/CHRG-114hhrg97414.htm
114th Congress (2015 - 2016),House Hearings,Committee on Appropriations,3/4/15,"b'House Hearing, 114th Congress - MILITARY CONSTRUCTION, VETERANS AFFAIRS, AND RELATED AGENCIES APPROPRIATIONS FOR 2016'",CHRG-114hhrg97454.txt,https://www.gpo.gov/fdsys/pkg/CHRG-114hhrg97454/html/CHRG-114hhrg97454.htm
114th Congress (2015 - 2016),House Hearings,Committee on Appropriations,3/19/15,"b'House Hearing, 114th Congress, Part 2 - DEPARTMENT OF DEFENSE APPROPRIATIONS FOR 2016'",CHRG-114hhrg97458.txt,https://www.gpo.gov/fdsys/pkg/CHRG-114hhrg97458/html/CHRG-114hhrg97458.htm
114th Congress (2015 - 2016),House Hearings,Committee on Appropriations,3/24/15,"b'House Hearing, 114th Congress - AGRICULTURE, RURAL DEVELOPMENT, FOOD AND DRUG ADMINISTRATION, AND RELATED AGENCIES APPROPRIATIONS...'",CHRG-114hhrg98154.txt,https://www.gpo.gov/fdsys/pkg/CHRG-114hhrg98154/html/CHRG-114hhrg98154.htm
114th Congress (2015 - 2016),House Hearings,Committee on Appropriations,3/1/16,"b'House Hearing, 114th Congress, Part 2 - LEGISLATIVE BRANCH APPROPRIATIONS FOR 2017'",CHRG-114hhrg99994.txt,https://www.gpo.gov/fdsys/pkg/CHRG-114hhrg99994/html/CHRG-114hhrg99994.htm
114th Congress (2015 - 2016),House Hearings,Committee on Appropriations,2/23/16,"b'House Hearing, 114th Congress, Part 5 - COMMERCE, JUSTICE, SCIENCE, AND RELATED AGENCIES APPROPRIATIONS FOR 2017'",CHRG-114hhrg20501.txt,https://www.gpo.gov/fdsys/pkg/CHRG-114hhrg20501/html/CHRG-114hhrg20501.htm